AAJ|DONE
AAJB|DONE
AAK|DONE
AAO|DONE
AARM|TODO
ABBA|TODO
ABCB|DONE
ABD|DONE
ABF|DONE
ABNOMAL|DONE
ABON|DONE
ABOP|DONE
ABP|DONE
ABPN|DONE
ABS|DONE
ABW|DONE
ABY|DONE
ACE|DONE
ACEC|DONE
ACGJV|DONE
ACME|DONE
ACZ|TODO
ACZD|TODO
ADD|TODO
ADEN|DONE
ADN|TODO
ADU|DONE
ADVO|TODO
ADZ|DONE
AED|TODO
AEDS|DONE
AEG|DONE
AEPP|DONE
AFFA|DONE
AFL|DONE
AFS|TODO
AGAV|TODO
AGE|DONE
AGEMIX|DONE
AGEOM|DONE
AGMX|TODO
AGR|DONE
AGVN|DONE
AHO|DONE
AHS|DONE
AIDA|DONE
AIED|DONE
AIKD|DONE
AIMA|DONE
AIME|DONE
AIMS|DONE
AIR|DONE
AJVR|TODO
AKA|DONE
AKB|DONE
AKBS|DONE
AKDL|TODO
AKHO|DONE
AKI|DONE
AKID|TODO
AKND|DONE
ALAD|TODO
ALB|DONE
ALD|DONE
ALMD|DONE
ALX|DONE
ALXS|DONE
AMA|TODO
AMBI|TODO
AMBS|TODO
AMBX|DONE
AMD|DONE
AMEB|DONE
AMGZ|DONE
AMI|DONE
AMOZ|TODO
AMP|DONE
AMRA|DONE
AMRC|DONE
AMZ|DONE
ANAC|DONE
ANAL|DONE
ANB|TODO
ANCI|DONE
AND|DONE
ANGR|DONE
ANIM|DONE
ANJD|DONE
ANKB|TODO
ANMD|DONE
ANND|DONE
ANX|TODO
ANY|DONE
ANZD|DONE
ANZZ|DONE
AOA|DONE
AOFR|DONE
AOI|DONE
AOM|DONE
AOZ|TODO
AP|TODO
APAA|TODO
APAD|TODO
APAE|TODO
APAG|DONE
APAK|TODO
APAM|DONE
APAO|DONE
APAP|DONE
APAR|DONE
APAT|DONE
APAV|DONE
APGH|DONE
APH|DONE
APHH|DONE
APKH|TODO
APLT|DONE
APM|DONE
APNH|DONE
APNS|TODO
APOD|DONE
APOL|TODO
APP|DONE
APR|DONE
APSM|DONE
APU|DONE
AQMB|TODO
AQSH|TODO
AQUA|DONE
ARA|DONE
ARAN|TODO
ARB|DONE
ARBB|DONE
ARKX|DONE
ARLE|DONE
ARM|DONE
ARMD|DONE
ARMF|TODO
ARMG|DONE
ARMM|DONE
ARMQ|DONE
ARMS|DONE
ARN|DONE
ARPP|DONE
ARS|DONE
ARWA|DONE
ASD|DONE
ASFB|DONE
ASI|TODO
ASIA|TODO
ASKD|DONE
ASPB|DONE
ASPC|DONE
AST|DONE
ASW|DONE
AT|DONE
ATAD|DONE
ATFB|DONE
ATHB|DONE
ATHH|DONE
ATID|TODO
ATKD|TODO
ATMD|DONE
ATN|DONE
ATOM|DONE
ATPC|DONE
ATPF|DONE
ATRW|DONE
ATVR|TODO
AUKB|DONE
AUKG|DONE
AUKS|TODO
AV|DONE
AVD|DONE
AVERV|DONE
AVG|DONE
AVGL|DONE
AVGP|DONE
AVKH|TODO
AVNT|DONE
AVOP|DONE
AVOPVR|DONE
AVR|DONE
AVS|DONE
AVSA|DONE
AVST|DONE
AVSW|DONE
AVVR|DONE
AVZG|DONE
AWD|DONE
AWE|DONE
AWPR|DONE
AWS|DONE
AWT|DONE
AWTB|DONE
AWTN|DONE
AXAA|DONE
AXAC|DONE
AXAD|DONE
AXAG|DONE
AXAT|DONE
AXAU|DONE
AXAV|DONE
AXAX|DONE
AXBC|DONE
AYA|DONE
AYB|DONE
AYM|DONE
AZRD|DONE
BAA|DONE
BAAM|TODO
BAB|TODO
BABA|DONE
BABM|TODO
BABURU|DONE
BACN|TODO
BADA|TODO
BAEM|TODO
BAG|DONE
BAGBD|DONE
BAHP|TODO
BAK|DONE
BAKD|DONE
BAKU|DONE
BAMA|DONE
BAMS|DONE
BAMV|DONE
BANA|DONE
BANK|DONE
BANS|DONE
BAR|DONE
BASE|DONE
BAVC|TODO
BAZE|TODO
BAZX|DONE
BBA|DONE
BBACOS|DONE
BBAD|DONE
BBAN|DONE
BBI|DONE
BBM|DONE
BBQ|DONE
BBS|DONE
BBSS|TODO
BBTU|TODO
BBZA|DONE
BCDP|DONE
BCDV|DONE
BCEX|DONE
BCP|DONE
BCPV|DONE
BCV|DONE
BDMILD|DONE
BDSM|DONE
BDSR|TODO
BDST|DONE
BDTOP|DONE
BDY|DONE
BEB|DONE
BEFG|DONE
BF|TODO
BFAZ|DONE
BFD|DONE
BFKB|DONE
BGG|DONE
BGN|DONE
BGSD|TODO
BHD|DONE
BHG|DONE
BHOL|DONE
BHSP|TODO
BHUST|DONE
BIB|DONE
BIBIVR|TODO
BID|DONE
BIG|DONE
BIJ|DONE
BIJC|DONE
BIJN|TODO
BIKMVR|DONE
BINC|DONE
BING|DONE
BIST|DONE
BJD|TODO
BJOS|DONE
BJPO|DONE
BJUK|DONE
BKBK|DONE
BKD|DONE
BKKG|DONE
BKLD|DONE
BKM|DONE
BKSP|DONE
BKSU|DONE
BLACK|DONE
BLB|TODO
BLD|DONE
BLIS|DONE
BLK|DONE
BLKW|DONE
BLO|DONE
BLOR|TODO
BLSR|DONE
BLTN|DONE
BMD|DONE
BMMD|DONE
BMST|DONE
BMW|TODO
BND|DONE
BNDV|DONE
BNGD|DONE
BNJC|DONE
BNRI|DONE
BNSPS|DONE
BNST|TODO
BOBB|TODO
BOBO|DONE
ABG|DONE
BOIE|DONE
BOKD|TODO
BOMC|DONE
BOMD|DONE
BOMG|DONE
BOMN|DONE
BONA|DONE
BONU|DONE
BOSS|DONE
BOYA|DONE
BRA|DONE
BRED|DONE
BREK|DONE
BRI|DONE
BRK|DONE
BRTH|DONE
BRTM|TODO
BSDV|DONE
BSFU|DONE
BSG|DONE
BSK|DONE
BST|DONE
BSTA|DONE
BSTC|DONE
BSY|DONE
BT|DONE
BTA|DONE
BTBY|DONE
BTC|DONE
BTD|DONE
BTH|TODO
BTHA|DONE
BTIS|DONE
BTPM|DONE
BTS|TODO
BTYD|DONE
BTZ|DONE
BUBB|TODO
BUD|DONE
BUHD|DONE
BUKA|DONE
BUMP|DONE
BUNC|DONE
BUR|TODO
BURI|DONE
BUY|DONE
BVD|DONE
BWB|DONE
BX|DONE
BXDR|DONE
BXX|TODO
BYHT|DONE
CACA|TODO
CAD|DONE
CADR|DONE
CADV|TODO
CAFR|TODO
CAGB|DONE
CAGD|DONE
CAL|DONE
CAMI|TODO
CAN|DONE
CAND|DONE
CAND|DONE
CAOH|DONE
CAPI|TODO
CASMANI|TODO
CAT|DONE
CATS|DONE
CAWD|TODO
CB|TODO
CBD|DONE
CBIKMV|DONE
CBR|DONE
CBTB|DONE
CBX|DONE
CCB|DONE
CCC|DONE
CCCV|DONE
CCDV|DONE
CCKR|DONE
CCVR|DONE
CCX|DONE
CCXS|DONE
CDC|DONE
CCVR|DONE
CDDV|DONE
CDRP|DONE
CDRPBD|DONE
CEAD|DONE
CEMD|TODO
CEMN|DONE
CEN|DONE
CESD|DONE
CETD|DONE
CFNM|DONE
CGD|DONE
CGEX|DONE
CGQ|DONE
CHA|TODO
CHAE|DONE
CHAO|DONE
CHCH|TODO
CHD|DONE
CHDJV|DONE
CHDO|DONE
CHERD|DONE
CHID|DONE
CHIJ|DONE
CHIM|DONE
CHIR|DONE
CHL|DONE
CHN|DONE
CHNS|DONE
CHRV|DONE
CHS|DONE
CHSD|DONE
CHU|DONE
CHV|DONE
CIIN|DONE
CJ|DONE
CJET|DONE
CJOB|TODO
CJOD|TODO
CKD|DONE
CKK|DONE
CLB|DONE
CLDG|TODO
CLO|TODO
CLOT|DONE
CLUB|TODO
CM|DONE
CMA|TODO
CMC|TODO
CMD|DONE
CMF|DONE
CMI|DONE
CMJ|DONE
CMK|DONE
CMN|DONE
CMV|DONE
CMZZ|DONE
CN|DONE
CNBX|DONE
CND|DONE
CNZ|DONE
COD|DONE
COGM|TODO
CORB|DONE
CORE|DONE
COSK|DONE
COSL|DONE
COSQ|DONE
COSU|DONE
COSV|DONE
COSVR|DONE
COSX|DONE
COT|DONE
COV|DONE
COWP|DONE
CPCP|DONE
CPDE|DONE
CPN|DONE
CPSN|TODO
CRAD|DONE
CRC|DONE
CRDD|TODO
CRH|DONE
CRIM|DONE
CRMN|DONE
CRNX|DONE
CRPD|DONE
CRRV|DONE
CRS|DONE
CRSD|DONE
CRVR|TODO
CRZ|DONE
CRZT|DONE
CSBE|DONE
CSCT|DONE
CSDX|DONE
CST|DONE
CT|DONE
CTC|DONE
CTD|DONE
CTSV|DONE
CTY|DONE
CUBE|DONE
CUBEX|TODO
CURO|DONE
CUT|DONE
CVDA|DONE
CVDX|TODO
CVSP|DONE
CW3D2BD|DONE
CW3D2DBD|DONE
CWM|DONE
CWP|DONE
CWPBD|DONE
CXAZ|DONE
CXD|DONE
CXR|DONE
CYAL|DONE
CYAM|DONE
CYAN|DONE
CYAR|DONE
CYAS|DONE
CYAT|DONE
CYAU|DONE
CYAV|DONE
CYAX|DONE
CYAZ|DONE
CYC|DONE
CYCD|DONE
CWDV|DONE
CWHDBD|DONE
CWM|DONE
CWP|DONE
CWPBD|DONE
CXAZ|DONE
CXD|DONE
CXR|DONE
CYAL|DONE
CYAM|DONE
CYAN|DONE
CYAO|DONE
CYAR|DONE
CYAS|DONE
CYAT|DONE
CYAU|DONE
CYAV|DONE
CYAX|DONE
CYAZ|DONE
CYC|DONE
CYCD|DONE
CYF|DONE
DAC|DONE
DACV|DONE
DAID|DONE
DAK|DONE
DAKH|DONE
DAMA|DONE
DAMN|DONE
DAMO|DONE
DAMU|DONE
DAMZ|DONE
DANDAN|DONE
DANDY|TODO
DANDYVR|DONE
DANJ|DONE
DANL|DONE
DANUHD|DONE
DAPD|DONE
DAPJ|DONE
DAPS|DONE
DAQU|DONE
DARG|DONE
DART|DONE
DARU|DONE
DASD|TODO
DAT|DONE
DAVK|DONE
DAY|DONE
DAYA|DONE
DAYD|DONE
DAYS|DONE
DAZD|DONE
DBAL|DONE
DBAM|DONE
DBAN|DONE
DBAT|DONE
DBBA|DONE
DBBI|DONE
DBCV|DONE
DBDR|DONE
DBE|DONE
DBEB|DONE
DBER|TODO
DBIF|DONE
DBII|DONE
DBIK|DONE
DBKC|DONE
DBKD|DONE
DBLD|DONE
DBNG|DONE
DBPS|DONE
DBPZ|DONE
DBSD|DONE
DBT|DONE
DBUD|DONE
DBVB|DONE
DBZC|DONE
DCA|DONE
DCLB|DONE
DCN|DONE
DCNN|DONE
DCOL|DONE
DCOW|DONE
DCR|DONE
DCRY|DONE
DCUG|DONE
DCV|TODO
DCX|TODO
DD|DONE
DDB|DONE
DDCD|DONE
DDD|DONE
DDDA|DONE
DDFF|TODO
DDGB|DONE
DDH|DONE
DDHG|DONE
DDHH|DONE
DDHZ|TODO
DDK|DONE
DDKH|DONE
DDKM|DONE
DDKS|DONE
DDLA|DONE
DDMM|DONE
DDMT|DONE
DDN|DONE
DDNA|DONE
DDNG|DONE
DDOB|DONE
DDP|DONE
DDR|DONE
DDSA|DONE
DDSC|DONE
DDT|DONE
DDU|DONE
DDZG|DONE
DEC|DONE
DEEP|DONE
DEGO|DONE
DEIS|DONE
DEJU|DONE
DEL|DONE
DEMS|DONE
DENJ|DONE
DEP|DONE
DEU|DONE
DEXT|DONE
DFAN|DONE
DFB|DONE
DFBK|DONE
DFBL|DONE
DFDA|DONE
DFDM|DONE
DFE|DONE
DFGR|DONE
DFSLV|DONE
DFTR|DONE
DGCEAD|DONE
DGCEMD|DONE
DGCESD|DONE
DGKD|DONE
DGL|DONE
DGRE|DONE
DGSP|DONE
DGYA|DONE
DHEL|DONE
DHHS|DONE
DHJP|DONE
DHOG|DONE
DHSP|DONE
DHT|DONE
DHYA|DONE
DIAM|DONE
DIC|DONE
DIDZ|DONE
DIGI|DONE
DIID|DONE
DILD|DONE
DINB|DONE
DINM|TODO
DINT|DONE
DIPO|DONE
DIR|DONE
DISH|DONE
DISM|DONE
DITR|DONE
DITR|DONE
DIV|DONE
DIVAS|DONE
DIVS|DONE
DIY|DONE
DJAS|DONE
DJDA|DONE
DJDH|DONE
DJDK|DONE
DJE|DONE
DJJJ|DONE
DJAM|DONE
DJNE|DONE
DJNI|DONE
DJNJ|DONE
DJNK|DONE
DJNO|DONE
DJNX|DONE
DJNZ|DONE
DJOS|DONE
DJSB|DONE
DJSD|DONE
DJSF|DONE
DJSG|DONE
DJSH|DONE
DJSI|DONE
DJSJ|DONE
DJSK|DONE
DJSR|DONE
DJUD|DONE
DJW|DONE
DKB|DONE
DKBF|DONE
DKCH|DONE
DKD|DONE
DKDN|DONE
DKDN|DONE
DKIK|DONE
DKN|DONE
DKNG|DONE
DKRG|DONE
DKSB|TODO
DKSW|DONE
DKTM|DONE
DKWT|DONE
DKYE|DONE
DKYF|DONE
DKYH|DONE
DLAB|DONE
DLD|DONE
DLEN|DONE
DLEP|DONE
DLI|DONE
DLIS|DONE
DLIT|DONE
DLIX|DONE
DLPL|DONE
DLPN|DONE
DLVSS|DONE
DMAG|DONE
DMAT|DONE
DMBA|DONE
DMBC|DONE
DMBD|DONE
DMBI|DONE
DMBJ|DONE
DMBK|DONE
DMBL|DONE
DMDG|DONE
DMET|DONE
DMIJ|DONE
DMOW|DONE
DMTA|DONE
DMYJ|DONE
DN|DONE
DNAX|DONE
DNIA|DONE
DNIN|DONE
DNJR|TODO
DNNN|DONE
DNTF|DONE
DNTR|DONE
DNTY|DONE
DNW|DONE
DNWA|DONE
DNY|DONE
DNYU|DONE
DOA|DONE
DOCL|DONE
DOCP|TODO
DOG|DONE
DOGD|DONE
DOHI|DONE
DOJ|DONE
DOJU|DONE
DOK|DONE
DOKI|DONE
DOKS|DONE
DOM|DONE
DOMB|DONE
DOMD|DONE
DOMI|DONE
DONN|DONE
DOPP|DONE
DORI|DONE
DOSA|DONE
DOSK|DONE
DOTO|DONE
DOVR|DONE
DOW|DONE
DPB|DONE
DPCK|DONE
DPDA|DONE
DPEC|DONE
DPEP|DONE
DPGD|DONE
DPH|DONE
DPHA|DONE
DPHC|DONE
DPHD|DONE
DPHG|DONE
DPHN|DONE
DPI|DONE
DPIK|DONE
DPJT|TODO
DPMB|DONE
DPMI|TODO
DPMM|TODO
DPMX|DONE
DPSA|DONE
DPSDL|DONE
DPSJ|DONE
DPSS|DONE
DPTF|DONE
DPVR|DONE
DPXI|DONE
DRAN|DONE
DRC|DONE
DRCBD|DONE
DRCD|DONE
DRD|DONE
DRE|DONE
DRG|DONE
DRGBD|DONE
DRHP|DONE
DRKA|DONE
DRMP|DONE
DRN|DONE
DROP|TODO
DRPT|TODO
DRS|DONE
DSAM|DONE
DSAMBD|DONE
DSAMD|DONE
DSB|DONE
DSD|TODO
DSE|DONE
DSEN|DONE
DSF|DONE
DSHM|DONE
DS-HS|DONE
DSIR|DONE
DSJA|DONE
DSKB|DONE
DSKM|DONE
DSMJ|DONE
DSMK|DONE
DSMM|DONE
DSMN|DONE
DSMP|DONE
DSOT|DONE
DSPN|DONE
DSRP|DONE
DSS|DONE
DSSA|DONE
DSVR|DONE
DS-YHD|DONE
DT|DONE
DTI|DONE
DTKM|DONE
DTL|DONE
DTRS|DONE
DTSC|DONE
DTSG|DONE
DTT|DONE
DTW|DONE
DUCF|DONE
DUIB|DONE
DUVV|DONE
GMBM|DONE
HONB|TODO
JNT|TODO
JYMA|TODO
KNB|TODO
MFC|TODO
MFCS|TODO
MKMP|TODO
ORECO|TODO
PRGO|TODO
SGK|TODO
SHINKI|TODO
SIKA|TODO
